{"cameraMode":{"drawMode":0,"name":"Shaded","section":"Shading Mode"},"sceneLighting":true,"audioPlay":false,"sceneViewState":{"m_AlwaysRefresh":false,"showFog":true,"showSkybox":true,"showFlares":true,"showImageEffects":true,"showParticleSystems":true,"showVisualEffectGraphs":true,"m_FxEnabled":true},"in2DMode":false,"pivot":{"x":-14.263813018798829,"y":1.295006275177002,"z":15.909842491149903},"rotation":{"x":0.017686115577816964,"y":0.01859123818576336,"z":0.0003311759210191667,"w":-0.9996848106384277},"size":1.2753626108169556,"orthographic":false}