{"cameraMode":{"drawMode":0,"name":"Shaded","section":"Shading Mode"},"sceneLighting":true,"audioPlay":false,"sceneViewState":{"m_AlwaysRefresh":false,"showFog":true,"showSkybox":true,"showFlares":true,"showImageEffects":true,"showParticleSystems":true,"showVisualEffectGraphs":true,"m_FxEnabled":true},"in2DMode":false,"pivot":{"x":0.06615614891052246,"y":0.9331202507019043,"z":0.896776020526886},"rotation":{"x":0.2176503986120224,"y":0.4655408263206482,"z":-0.11927300691604614,"w":0.8495171070098877},"size":1.438620686531067,"orthographic":false}